id,keyname,type,std_code,size
1,金属包覆垫_G7EY11D::G7EY21.003,包覆垫片,G7EY21.003,648*560*3
2,金属包覆垫_G7EY11C::G7EY21.003,包覆垫片,G7EY21.003,648*560*3
3,石墨复合垫_(316L)::G6K04.001,石墨垫片,G6K04.001,1433*964*3(按图)
4,国产无石棉_G2EK09-H::G2EK09-H.003,无石棉垫片,G2EK09-H.003,940*857*3(方形)--
5,S1E27_[HG/T20631]::D500-300_1222,其他,D500-300_1222,653*577.9*525*5*500
6,G7K45_[JB/T4705]1232::D23-650-6.4,定制垫片,D23-650-6.4,770*749*699*663
7,1260橡胶垫片::L138.014,橡胶垫片,L138.014,538*500*465*3_16-Φ12
8,包覆垫::G7K26.013,包覆垫片,G7K26.013,905*897*852
9,包覆垫::G7K26.012,包覆垫片,G7K26.012,592*584*502
10,包覆垫_G7K26_[HG20607]::PMF25,包覆垫片,PMF25,71*60*34
11,包覆垫_G7K15::G731.004,包覆垫片,G731.004,697*684*654
12,缠绕垫_G7K15_1232::G731.008,缠绕垫片,G731.008,72*63*45*35
13,包覆垫_G7K16::G731.004,包覆垫片,G731.004,697*684*654
14,缠绕垫_G7K16_1232::G731.008,缠绕垫片,G731.008,72*63*45*35
15,国产无石棉_G7E140_[HG/T20627]::RF25-150,无石棉垫片,RF25-150,65.5*34*3
16,国产无石棉_G7E140_[HG/T20627]::RF400-150,无石棉垫片,RF400-150,513*407*3
17,国产无石棉_G7E140_[HG/T20627]::RF80-150,无石棉垫片,RF80-150,136.5*89*3
18,国产无石棉_G7E140_[NB/T47024]::450-1.0,无石棉垫片,450-1.0,489*453*3
19,缠绕垫_1222_G7E115::D22-800-6.4,缠绕垫片,D22-800-6.4,944*918*868*832
20,特力无石棉_G1E11E::G1E10C.003,无石棉垫片,G1E10C.003,1389*1089*3(方形)
21,特力无石棉_G1E11E::G1E10C.004,无石棉垫片,G1E10C.004,20*14*2
22,特力无石棉_G1E11E::G1E11C.001/1,无石棉垫片,G1E11C.001/1,1603*1203*3(方形)
23,特力无石棉_G1E11E::G1E11C.001/2,无石棉垫片,G1E11C.001/2,1389*1089*3(方形)--
24,特力无石棉_G1E11E::G1E47.005,无石棉垫片,G1E47.005,27*22*2
25,特力无石棉_G1E11E::G1E47.006,无石棉垫片,G1E47.006,23*18*2
26,特力无石棉_G1E11E_[HG/T20606]::RF400-10,无石棉垫片,RF400-10,489*426*3
27,特力无石棉_G1E11E_[HG/T20606]::RF50-16,无石棉垫片,RF50-16,107*61*3
28,特力无石棉_G1E10E::G1E10C.002/1,无石棉垫片,G1E10C.002/1,1603*1203*3(方形)
29,特力无石棉_G1E10E::G1E10C.002/2,无石棉垫片,G1E10C.002/2,1389*1089*3(方形)--
30,特力无石棉_G1E10E::G1E10C.003,无石棉垫片,G1E10C.003,1389*1089*3(方形)
31,特力无石棉_G1E10E::G1E10C.004,无石棉垫片,G1E10C.004,20*14*2
32,特力无石棉_G1E10E::G1E47.005,无石棉垫片,G1E47.005,27*22*2
33,特力无石棉_G1E10E::G1E47.006,无石棉垫片,G1E47.006,23*18*2
34,特力无石棉_G1E10E_[HG/T20606]::RF400-10,无石棉垫片,RF400-10,489*426*3
35,特力无石棉_G1E10E_[HG/T20606]::RF50-16,无石棉垫片,RF50-16,107*61*3
36,硅橡胶垫片_R4E18::R441.016,橡胶垫片,R441.016,440*330*4(方形)
37,非石棉垫片_M1E03::G1E06.007/2,其他,G1E06.007/2,1898*1718*3(方形)
38,非石棉垫片_M1E03::G1E06.007/1,其他,G1E06.007/1,1786*1606*3(方形)--
39,非石棉垫片_M1E03::G1E03.013,其他,G1E03.013,1786*1606*3(方形)
40,石墨复合垫(316L)_G7E109::G7E109.002,石墨垫片,G7E109.002,644*604*3--
41,石墨复合垫(316L)_G7E109::G7E109.003,石墨垫片,G7E109.003,644*604*3
42,三元乙丙橡胶::508Z357.116,橡胶垫片,508Z357.116,1162*770*3(方形)--
43,三元乙丙橡胶::508Z357.117,橡胶垫片,508Z357.117,1162*770*3(方形)
44,石墨复合垫(316L)_G6E22A::G6E22.001,石墨垫片,G6E22.001,1102*964*3(按图）
45,石墨复合垫(316L)::G6E22A.001,石墨垫片,G6E22A.001,316*276*3
46,石墨复合垫(316L)::G6E22A.002,石墨垫片,G6E22A.002,240*200*160*3_8*18
47,石墨复合垫(316L)::G6E22A.105,石墨垫片,G6E22A.105,916*800*3
48,石墨复合垫(316L)::G6E22A.107,石墨垫片,G6E22A.107,70*26*3
49,石墨复合垫(316L)::G6E22A.108,石墨垫片,G6E22A.108,92*40*3
50,石墨复合垫(316L)::G6E22A.201,石墨垫片,G6E22A.201,224*148*3
51,石墨复合垫(316L)::G6E22A.206,石墨垫片,G6E22A.206,92*38*3
52,石墨复合垫(316L)_G5E10::G5E10.107,石墨垫片,G5E10.107,26*14*1
53,石墨复合垫(316L)_G5E10::RF600-6,石墨垫片,RF600-6,679*630*3
54,石墨复合垫(316L)_G5E10::700-0.6,石墨垫片,700-0.6,744*704*3
55,F0D25Q_[HG/T20631]::D100-300_2232,其他,D100-300_2232,180*149.4*127*106.4
56,F0D25Q_[HG/T20610]::D80-63_2232,其他,D80-63_2232,148*115*99*90
57,F0D25Q_[HG/T20610]::D100-40_2232,其他,D100-40_2232,168*144*128*116
58,F0D15AC_[HG/T20610]::D300-16_2222,其他,D300-16_2222,384*364*340*328
59,F0D15AC_[HG/T20610]::D80-10_2222,其他,D80-10_2222,142*115*99*90
60,无石棉_G7EY45A-B::G7EY45A-B.002,无石棉垫片,G7EY45A-B.002,1468*1380*3
61,无石棉_G7EY45A-B::G7EY45A-B.003,无石棉垫片,G7EY45A-B.003,254*219*3
62,无石棉_G7EY45A-B::G7EY45A-B.006,无石棉垫片,G7EY45A-B.006,65*33*3
63,无石棉_G7EY45A-B::G7EY46A-B.002,无石棉垫片,G7EY46A-B.002,1361*1305*3
64,无石棉_G7EY45A-B::G7EY46A-B.003,无石棉垫片,G7EY46A-B.003,273*220*3
65,无石棉_G7EY45A-B::G7EY46A-B.006,无石棉垫片,G7EY46A-B.006,64*34*3
66,无石棉_G7EY45A-B::G7EY47A-B.001,无石棉垫片,G7EY47A-B.001,1187*1142*3
67,无石棉_G7EY45A-B::G7EY47A-B.003,无石棉垫片,G7EY47A-B.003,317*273*3
68,无石棉_G7EY45A-B::G7EY47A-B.005,无石棉垫片,G7EY47A-B.005,65*33*3
69,无石棉_G7EY45A-B::G7EY48A-B.001,无石棉垫片,G7EY48A-B.001,1178*1122*3
70,无石棉_G7EY45A-B::G7EY48A-B.002,无石棉垫片,G7EY48A-B.002,317*276*3
71,无石棉_G7EY45A-B::G7EY48A-B.005,无石棉垫片,G7EY48A-B.005,65*33*3
72,无石棉_G7EY45A-B::G7EY49A-B.001,无石棉垫片,G7EY49A-B.001,1102*1025*3
73,无石棉_G7EY45A-B::G7EY49A-B.003,无石棉垫片,G7EY49A-B.003,262*219*3
74,无石棉_G7EY45A-B::G7EY49A-B.005,无石棉垫片,G7EY49A-B.005,64*33*3
75,R2E09A_[SH3407-1996]::GSW5.0-15-A22,其他,GSW5.0-15-A22,36*24.5*4.5
76,R2E09A_[SH3407-1996]::GSW5.0-25-A22,其他,GSW5.0-25-A22,52*37*4.5
77,R2E09A_[SH3407-1996]::GSW5.0-40-A22,其他,GSW5.0-40-A22,74*53*4.5
78,R2E09A_[SH3407-1996]::GSW5.0-50-A22,其他,GSW5.0-50-A22,93*72*4.5
79,R2E09A_[SH3407-1996]::GSW5.0-80-A22,其他,GSW5.0-80-A22,128*107*4.5
80,缠绕垫_1222::D600-300,缠绕垫片,D600-300,774*685.8*628.7*603.3
81,特力无石棉_G1E02E::G1E02.002,无石棉垫片,G1E02.002,1391*1122*3(方形)--
82,特力无石棉_G1E02E::G1E02.003,无石棉垫片,G1E02.003,1177*1008*3(方形）
83,金属包覆垫_G7E04ACK_304+石棉::G7E04.003,包覆垫片,G7E04.003,775*735*3
84,G7E04ACK_[HG/T20610]::D25-25_2232,定制垫片,D25-25_2232,71*52*40*34
85,G7E04ACK_[HTTA3601.8.3]::DN400_PN2.5,定制垫片,DN400_PN2.5,514*478*446*418
86,金属包覆垫_G7E05ACK_304+石棉::G7E05.003,包覆垫片,G7E05.003,708*620*3
87,G7E05ACK_[HG/T20610]::D25-63_2232,定制垫片,D25-63_2232,82*52*40*34
88,G7E05ACK_[HTTA3601.8.3]::DN300_PN4.0,定制垫片,DN300_PN4.0,417*363*335*319
89,G7E05ACK_[HTTA3601.8.3]::DN350_PN4.0,定制垫片,DN350_PN4.0,474*425*395*370
90,XB350_G2EK45DCK-H_[HG/T20606]::RF250-6,石棉垫片,RF250-6,317*273*3
91,国产无石棉_G2EK46DCK-H::G2EK46DCK-H.001,无石棉垫片,G2EK46DCK-H.001,1080*1024*3
92,国产无石棉_G2EK46DCK-H::G2EK46DCK-H.002,无石棉垫片,G2EK46DCK-H.002,980*924*3
93,国产无石棉_G2EK46DCK-H::G2EK46DCK-H.004,无石棉垫片,G2EK46DCK-H.004,20*14*2
94,国产无石棉_G2EK46DCK-H_[HG/T20606]::RF300-6,无石棉垫片,RF300-6,373*324*3
95,国产无石棉_G2EK46DCK-H_[HG/T20606]::RF50-6,无石棉垫片,RF50-6,96*61*3
96,国产无石棉_G2EK47DCK-H::G2EK47C-H.001,无石棉垫片,G2EK47C-H.001,980*924*3
97,国产无石棉_G2EK47DCK-H::G2EK47C-H.002,无石棉垫片,G2EK47C-H.002,880*824*3
98,国产无石棉_G2EK47DCK-H_[HG/T20606]::RF300-6,无石棉垫片,RF300-6,373*324*3
99,国产无石棉_G2EK47DCK-H_[HG/T20606]::RF50-6,无石棉垫片,RF50-6,96*61*3
100,国产无石棉_G7E136_[HG/T20606]::RF200-16,无石棉垫片,RF200-16,273*220*3
101,国产无石棉_G7E136_[HG/T20606]::RF25-16,无石棉垫片,RF25-16,71*34*3
102,国产无石棉_G7E136_[HG/T20606]::RF250-16,无石棉垫片,RF250-16,329*273*3
103,国产无石棉_G7E136_[HG/T20606]::RF65-6,无石棉垫片,RF65-6,116*77*3
104,XB350_G7E101C_[HG/T20606]::RF25-16,石棉垫片,RF25-16,71*34*3
105,XB350_G7E101C_[HG/T20627]::RF200-150,石棉垫片,RF200-150,278.5*220*3
106,G7E101C_[HG/T20631]::D100-300_1232,定制垫片,D100-300_1232,180*149.4*127*106.4
107,G7E101C_[HG/T20631]::D80-300_1232,定制垫片,D80-300_1232,148.5*120.7*101.6*81
108,G7E101C_[NB/T47025]::D22-550-2.5,定制垫片,D22-550-2.5,641*615*575*555
109,XB350_G7E103C_[HG/T20627]::RF25-150,石棉垫片,RF25-150,65.5*34*3
110,XB350_G7E103C_[HG/T20627]::RF50-150,石棉垫片,RF50-150,104.5*61*3
111,G7E103C_[HG/T20631]::D25-150_1222,定制垫片,D25-150_1222,65.5*47.8*31.8*27
112,G7E103C_[HG/T20631]::D250-150_1222,定制垫片,D250-150_1222,338*317.5*287.3*268.3
113,石墨复合垫（316L）_G5E15::G5E15.104,石墨垫片,G5E15.104,26*14*1
114,石墨复合垫（316L）_G5E15::RF500-6,石墨垫片,RF500-6,578*530*3
115,石墨复合垫（316L）_G5E15::RF600-6,石墨垫片,RF600-6,679*630*3
116,石墨复合垫（316L）_G5E15::1100-0.25,石墨垫片,1100-0.25,1140*1100*3
117,石墨复合垫（316L）_G5E15A::580*508*3,石墨垫片,580*508*3,unknown
118,石墨复合垫（316L）_G5E15A::690*610*3,石墨垫片,690*610*3,unknown
119,石墨复合垫（316L）_G5E15A::G5E15.104,石墨垫片,G5E15.104,26*14*1
120,石墨复合垫（316L）_G5E15A::1100-0.25,石墨垫片,1100-0.25,1140*1100*3
121,PTFE_N5K34CK_[HG/T20606]::RF200-6,PTFE垫片,RF200-6,262*220*3
122,N5K34CK_[HG/T20610]::A40-16_0220,其他,A40-16_0220,75*61*4.5
123,S3K61A_[HG/T20610]::D300-25_2232,其他,D300-25_2232,400*364*340*328
124,F0D40Z_[HG/T20610]::D200-100_1221,其他,D200-100_1221,324*258*234*222
125,F0D40Z_[HG/T20610]::D200-63_2232,其他,D200-63_2232,309*258*234*222
126,F0D40Z_[HG/T20610]::D80-100_2232,其他,D80-100_2232,154*119*99*90
127,F0D40Z_[HG/T20610]::D150-16_2232,其他,D150-16_2232,218*200*182*170
128,F0D40Z_[HG/T20610]::D300-63_2232,其他,D300-63_2232,424*368*340*328
129,F0D40Z_[HG/T20610]::D150-63_2232,其他,D150-63_2232,247*206*182*170
130,F0D40Z_[HG/T20610]::D150-100_2232,其他,D150-100_2232,257*206*182*170
131,四氟包覆垫::G7EY51.002,包覆垫片,G7EY51.002,810*765*3
132,RPTFE_RS838_[HG/T20627]::RF100-300,PTFE垫片,RF100-300,180*115*3
133,RPTFE_RS838_[HG/T20627]::RF25-300,PTFE垫片,RF25-300,73*34*3
134,RPTFE_RS838_[HG/T20627]::RF50-300,PTFE垫片,RF50-300,111*61*3
135,缠绕垫_L152CK_1232::M119.808,缠绕垫片,M119.808,356*325*303*273
136,缠绕垫_L152CK_1232::M127.1304,缠绕垫片,M127.1304,244*206*182*160
137,缠绕垫_L0E01CK_[HG20610]::D300-40_2232,缠绕垫片,D300-40_2232,417*364*340*328
138,缠绕垫_L0E01CK_[HG20610]::D400-40_2232,缠绕垫片,D400-40_2232,546*470*442*430
139,缠绕垫_G7E141_1222::G7E141.001,缠绕垫片,G7E141.001,675*630*580*550
140,XB350_G7E141_[HG/T20627]::RF200-150,石棉垫片,RF200-150,278.5*220*3
141,XB350_G7E141_[HG/T20627]::RF25-150,石棉垫片,RF25-150,65.5*34*3
142,XB350_G7E141_[HG/T20627]::RF50-150,石棉垫片,RF50-150,104.5*61*3
143,XB350_G7E141_[HG/T20627]::RF80-150,石棉垫片,RF80-150,136.5*89*3
144,G7E141_[HG/T20631]::D25-600_1222,定制垫片,D25-600_1222,73*47.8*31.8*27
145,G7E141_[HG/T20631]::D300-600_1222,定制垫片,D300-600_1222,456*374.7*327.2*317.5
146,G7E141_[HG/T20631]::D50-600_1222,定制垫片,D50-600_1222,111*85.9*69.9*55.6
147,国产无石棉_G7E141[NB/T47024]::800-1.0,无石棉垫片,800-1.0,844*804*3
148,石墨复合垫（316L）_G6E23C::G6E23C.001,石墨垫片,G6E23C.001,1369*506*3(按图）
149,石墨复合垫（316L）_G6E23C::G6E23C.002,石墨垫片,G6E23C.002,309*276*3
150,石墨复合垫（316L）_G6E23C::G6E23C.004,石墨垫片,G6E23C.004,240*200*160*3_8*18
151,XB350_G6E23C_[HG/T20627]::RF1200B-150,石棉垫片,RF1200B-150,1305*1219*3
152,XB350_G6E23C_[HG/T20627]::RF1400B-150,石棉垫片,RF1400B-150,1513*1422*3
153,XB350_G6E23C_[HG/T20627]::RF150-300,石棉垫片,RF150-300,250*169*3
154,XB350_G6E23C_[HG/T20627]::RF40-300,石棉垫片,RF40-300,94.5*49*3
155,石墨复合垫（316L）_G6E23C::RF1200B-150,石墨垫片,RF1200B-150,1305*1219*3
156,石墨复合垫（316L）_G6E23C::RF1400B-150,石墨垫片,RF1400B-150,1513*1422*3
157,石墨复合垫（316L）_G6E23C::RF150-300,石墨垫片,RF150-300,250*169*3
158,石墨复合垫（316L）_G6E23C::RF25-150,石墨垫片,RF25-150,65.5*34*3
159,石墨复合垫（316L）_G6E23C::RF40-150,石墨垫片,RF40-150,84.5*49*3
160,石墨复合垫（316L）_G6E23C::RF40-300,石墨垫片,RF40-300,94.5*49*3
161,XB350_G2EK106-H_[HG/T20606]::RF150-6,石棉垫片,RF150-6,207*169*3
162,XB350_G2EK106-H_[HG/T20606]::RF250-16,石棉垫片,RF250-16,329*273*3
163,XB350_G2EK106-H_[NB/T47024]::1000-1.6,石棉垫片,1000-1.6,1065*1015*3
164,缠绕垫_F0D30AG_[HG20610]::D80-10_2222,缠绕垫片,D80-10_2222,142*115*99*90
165,RSB_304_G5K34_[HG/T20606]::RF40-10,其他,RF40-10,92*49*3
166,RSB_304_G5K34_[HG/T20606]::RF400-10,其他,RF400-10,489*426*3
167,RSB_304_G5K34_[HG/T20606]::RF500-10,其他,RF500-10,594*530*3
168,RSB_304_G5K34::G5K34.005,其他,G5K34.005,1244*1200*3
169,G7E100_[NB/T47025]::D22-700-6.4,定制垫片,D22-700-6.4,844*818*768*732
170,特力无石棉_G5K34::G5K34.011,无石棉垫片,G5K34.011,35*28*1
171,特力无石棉_G5K34::G5K34.012,无石棉垫片,G5K34.012,39*32*1.5
172,缠绕垫_[HG20631]::D300-150_2535,缠绕垫片,D300-150_2535,408*374.7*339.9*317.5
173,国产无石棉_G7E109::G7E109.002,无石棉垫片,G7E109.002,644*604*3--
174,国产无石棉_G7E109::G7E109.003,无石棉垫片,G7E109.003,644*604*3
175,L0E05铜-B_2232::L0E05铜-B.003,其他,L0E05铜-B.003,694*660*615*570
176,L0E05铜-B_2232::L0E05铜-B.004,其他,L0E05铜-B.004,452*425*394*380
177,石墨复合垫(316L)_G6K05::G6K05.001,石墨垫片,G6K05.001,1433*1282*3(按图）
178,金属包覆垫_G7E04A_304+石棉::G7E04.002,包覆垫片,G7E04.002,514*426*3
179,金属包覆垫_G7E04A_304+石棉::G7E04.003,包覆垫片,G7E04.003,775*735*3
180,金属包覆垫_G7E04A_304+石棉::G7E04.011,包覆垫片,G7E04.011,71*34*3
181,金属包覆垫_G7E05A_304+石棉::G7E05.001,包覆垫片,G7E05.001,474*380*3
182,金属包覆垫_G7E05A_304+石棉::G7E05.003,包覆垫片,G7E05.003,708*620*3
183,金属包覆垫_G7E05A_304+石棉::G7E05.010,包覆垫片,G7E05.010,417*335*3
184,金属包覆垫_G7E05A_304+石棉::G7E05.011,包覆垫片,G7E05.011,82*25*3
185,国产无石棉_G2EK08A-H_[HG/T20606]::RF200-6,无石棉垫片,RF200-6,262*220*3
186,国产无石棉_G2EK08A-H_[HG/T20606]::RF800-2.5,无石棉垫片,RF800-2.5,890*820*3
187,国产无石棉_G2EK09A-H_[HG/T20606]::RF200-6,无石棉垫片,RF200-6,262*220*3
188,国产无石棉_G2EK09A-H_[HG/T20606]::RF700-2.5,无石棉垫片,RF700-2.5,784*720*3
189,国产无石棉_G2EK10A-H_[HG/T20606]::RF250-6,无石棉垫片,RF250-6,317*273*3
190,国产无石棉_G2EK10A-H_[HG/T20606]::RF600-6,无石棉垫片,RF600-6,679*630*3
191,国产无石棉_G2EK45C-H::G2EK45C-H.003,无石棉垫片,G2EK45C-H.003,1280*1224*3
192,XB350_G2EK45C-H_[HG/T20606]::RF250-6,石棉垫片,RF250-6,317*273*3
193,XB350_G2EK46C-H_[HG/T20606]::RF300-6,石棉垫片,RF300-6,373*324*3
194,国产无石棉_G2EK47C-H::G2EK47C-H.001,无石棉垫片,G2EK47C-H.001,980*924*3
195,国产无石棉_G2EK47C-H::G2EK47C-H.002,无石棉垫片,G2EK47C-H.002,880*824*3
196,XB350_G2EK47C-H_[HG/T20606]::RF300-6,石棉垫片,RF300-6,373*324*3
197,国产无石棉_G2EK47C-H_[HG/T20606]::RF50-6,无石棉垫片,RF50-6,96*61*3
198,XB350_G2EN92A-H_[HG/T20606]::RF150-6,石棉垫片,RF150-6,207*169*3
199,XB350_G2EN92A-H_[HG/T20606]::RF400-6,石棉垫片,RF400-6,473*426*3
200,XB350_G2EN92A-H_[HG/T20606]::RF450-6,石棉垫片,RF450-6,528*480*3
201,XB350_G2EN92A-H_[HG/T20606]::RF80-6,石棉垫片,RF80-6,132*89*3
202,国产无石棉_G2EN92A-H_[NB/T47024]::1000-0.25,无石棉垫片,1000-0.25,1044*1004*3
203,XB350_G2EN93A-H_[HG/T20606]::RF150-6,石棉垫片,RF150-6,207*169*3
204,XB350_G2EN93A-H_[HG/T20606]::RF300-10,石棉垫片,RF300-10,378*324*3
205,XB350_G2EN93A-H_[HG/T20606]::RF65-10,石棉垫片,RF65-10,127*77*3
206,国产无石棉_G2EN93A-H_[NB/T47024]::900-0.6,无石棉垫片,900-0.6,944*904*3
207,XB350_G2EN94A-H_[HG/T20606]::RF150-6,石棉垫片,RF150-6,207*169*3
208,XB350_G2EN94A-H_[HG/T20606]::RF250-25,石棉垫片,RF250-25,340*273*3
209,国产无石棉_G2EN94A-H_[NB/T47024]::900-1.6,无石棉垫片,900-1.6,965*915*3
210,XB350_G6E36A_[HG/T20606]::RF100-25,石棉垫片,RF100-25,168*115*3
211,XB350_G6E36A_[HG/T20606]::RF50-25,石棉垫片,RF50-25,107*61*3
212,XB350_G6E36A_[HG/T20606]::RF600-2.5,石棉垫片,RF600-2.5,679*630*3
213,XB350_G6E36A_[HG/T20606]::RF700-2.5,石棉垫片,RF700-2.5,784*720*3
214,石墨复合垫(316L)_G6E36A::RF100-25,石墨垫片,RF100-25,168*115*3
215,XB450加金属网_G6E36A_[HG/T20606]::RF15-10,石棉垫片,RF15-10,51*22*3
216,石墨复合垫(316L)_G6E36A::RF15-25,石墨垫片,RF15-25,51*22*3
217,石墨复合垫(316L)_G6E36A::RF50-25,石墨垫片,RF50-25,107*61*3
218,XB450加金属网_G6E36A_[HG/T20606]::RF600-2.5,石棉垫片,RF600-2.5,679*630*3
219,XB450加金属网_G6E36A_[HG/T20606]::RF700-2.5,石棉垫片,RF700-2.5,784*720*3
220,F0D25R_[HG/T20610]::D50-40_2232,其他,D50-40_2232,107*86*70*61
221,RSB_304_G5K30B::G5K30B.004,其他,G5K30B.004,1442*1400*3.2
222,特力无石棉_G5K30B::G5K30B.007,无石棉垫片,G5K30B.007,39*32*2
223,特力无石棉_G5K30B::G5K30B.009,无石棉垫片,G5K30B.009,35*29*3
224,RSB_304_G5K30B_[HG/T20606]::RF150-6,其他,RF150-6,207*169*3
225,RSB_304_G5K30B_[HG/T20606]::RF500-6,其他,RF500-6,578*530*3
226,RSB_304_G5K30B_[HG/T20606]::RF600-6,其他,RF600-6,679*630*3
227,RSB_304_G5K36A::G5K36A.004,其他,G5K36A.004,1442*1400*3
228,特力无石棉_G5K36A::G5K36A.011,无石棉垫片,G5K36A.011,39*32*2
229,RSB_304_G5K36A_[HG/T20606]::RF150-6,其他,RF150-6,207*169*3
230,RSB_304_G5K36A_[HG/T20606]::RF500-6,其他,RF500-6,578*530*3
231,RSB_304_G5K36A_[HG/T20606]::RF600-6,其他,RF600-6,679*630*3
232,RPTFE垫片_S1K61::S1K61.001,PTFE垫片,S1K61.001,685*614*3
233,RPTFE垫片_S1K61::S1K61.004,PTFE垫片,S1K61.004,28*20*3
234,金属包覆垫_G7EY20_304+石棉::G7EY20.002,包覆垫片,G7EY20.002,340*276*3
235,金属包覆垫_G7EY20_304+石棉::G7EY20.003,包覆垫片,G7EY20.003,648*560*3
236,金属包覆垫_G7EY20_304+石棉::G7EY20.011,包覆垫片,G7EY20.011,71*34*3
237,金属包覆垫_G7E05_304+石棉::G7E05.011,包覆垫片,G7E05.011,82*25*3
238,金属包覆垫_G7EY21::G7EY21.001,包覆垫片,G7EY21.001,290*222*3
239,金属包覆垫_G7EY21::G7EY21.003,包覆垫片,G7EY21.003,648*560*3
240,国产无石棉_G2K22::G2K22.002,无石棉垫片,G2K22.002,790*550*3(方形)==
241,国产无石棉_G2K22::G2K22.006,无石棉垫片,G2K22.006,696*462*3(方形)--
242,国产无石棉_G2K24::G2K24.003,无石棉垫片,G2K24.003,678*504*3(方形)==
243,G2K24_[HG/T20610]::D200-4.0_1221,定制垫片,D200-4.0_1221,324*258*234*222
244,PTFE垫片::RF50-16,PTFE垫片,RF50-16,RF50-16
245,PTFE垫片::RF25-16,PTFE垫片,RF25-16,RF25-16
246,PTFE垫片::RF250-1.0,PTFE垫片,RF250-1.0,RF250-1.0
247,PTFE垫片::500-1.0,PTFE垫片,500-1.0,500-1.0
248,XB350垫片::500-1.0,石棉垫片,500-1.0,500-1.0
249,缠绕垫_2222::594*575*547*535*4.5,缠绕垫片,594*575*547*535*4.5,594*575*547*535*4.5
250,缠绕垫::D40-150_2222,缠绕垫片,D40-150_2222,D40-150_2222
251,PTFE垫片::620*585*532_20-Ф18,PTFE垫片,620*585*532_20-Ф18,620*585*532_20-Ф18
252,PTFE垫片::RF65-16,PTFE垫片,RF65-16,RF65-16
253,缠绕垫::B500-4.0_0232,缠绕垫片,B500-4.0_0232,B500-4.0_0232
254,改性RPTFE垫片::565*525*3,PTFE垫片,565*525*3,565*525*3
255,聚丙烯垫片::10*5*1,橡胶垫片,10*5*1,10*5*1
256,聚丙烯垫片::13.5*9*1,橡胶垫片,13.5*9*1,13.5*9*1
257,改性RPTFE垫片::183*160*3,PTFE垫片,183*160*3,183*160*3
258,改性RPTFE垫片::87*61*3,PTFE垫片,87*61*3,87*61*3
259,改性RPTFE垫片::10*6*3,PTFE垫片,10*6*3,10*6*3
260,缠绕垫::B100-25_0232,缠绕垫片,B100-25_0232,B100-25_0232
261,缠绕垫::B125-25_0232,缠绕垫片,B125-25_0232,B125-25_0232
262,缠绕垫::B40-40_0232,缠绕垫片,B40-40_0232,B40-40_0232
263,缠绕垫::B25-25_0232,缠绕垫片,B25-25_0232,B25-25_0232
264,缠绕垫::B500-1.0_0232,缠绕垫片,B500-1.0_0232,B500-1.0_0232
265,缠绕垫::G13-700-1.6-2B,缠绕垫片,G13-700-1.6-2B,G13-700-1.6-2B
266,缠绕垫::B22-700-1.6,缠绕垫片,B22-700-1.6,B22-700-1.6
267,缠绕垫::D100-25_2222,缠绕垫片,D100-25_2222,D100-25_2222
268,RSB_304::744*704*3,其他,744*704*3,744*704*3
269,缠绕垫_2222::539*506*480*471*4.5,缠绕垫片,539*506*480*471*4.5,539*506*480*471*4.5
270,缠绕垫_0828::818*768*732*4.5,缠绕垫片,818*768*732*4.5,818*768*732*4.5
271,PTFE垫片::800-1.0,PTFE垫片,800-1.0,800-1.0
272,PTFE垫片::RF40-16,PTFE垫片,RF40-16,RF40-16
273,PTFE垫片::RF450-0.6,PTFE垫片,RF450-0.6,RF450-0.6
274,缠绕垫::B100-40_0222,缠绕垫片,B100-40_0222,B100-40_0222
275,缠绕垫::B50-25_0222,缠绕垫片,B50-25_0222,B50-25_0222
276,PTFE垫片::RF80-16,PTFE垫片,RF80-16,RF80-16
277,PTFE垫片::RF100-16,PTFE垫片,RF100-16,RF100-16
278,改性RPTFE垫片::RF25-40,PTFE垫片,RF25-40,RF25-40
279,PTFE垫片::RF20-16,PTFE垫片,RF20-16,RF20-16
280,PTFE垫片::RF500-0.6,PTFE垫片,RF500-0.6,RF500-0.6
281,缠绕垫_0828::818*768*732*4.5-T,缠绕垫片,818*768*732*4.5-T,818*768*732*4.5-T
282,缠绕垫_2222::818*794*754*732,缠绕垫片,818*794*754*732,818*794*754*732
283,PTFE垫片::RF500-1.6,PTFE垫片,RF500-1.6,RF500-1.6
284,改性RPTFE垫片::RF80-150,PTFE垫片,RF80-150,RF80-150
285,改性RPTFE垫片::RF20-150,PTFE垫片,RF20-150,RF20-150
286,缠绕垫::D500-1.6_2222,缠绕垫片,D500-1.6_2222,D500-1.6_2222
287,缠绕垫::D50-150_2222,缠绕垫片,D50-150_2222,D50-150_2222
288,XB350垫片::565*505*3,石棉垫片,565*505*3,565*505*3
289,PTFE垫片::RF50-25,PTFE垫片,RF50-25,RF50-25
290,08钢平垫::37*22*3,其他,37*22*3,37*22*3
291,缠绕垫_2222::D250-150_2222,缠绕垫片,D250-150_2222,D250-150_2222
292,改性RPTFE垫片::RF20-16,PTFE垫片,RF20-16,RF20-16
293,PTFE垫片::RF20-10,PTFE垫片,RF20-10,RF20-10
294,缠绕垫_2222::D500-1.6,缠绕垫片,D500-1.6,D500-1.6
295,改性RPTFE垫片::RF50-300,PTFE垫片,RF50-300,RF50-300
296,改性RPTFE垫片::RF450-16,PTFE垫片,RF450-16,RF450-16
297,缠绕垫_9929::D40-150,缠绕垫片,D40-150,D40-150
298,PTFE垫片::RF80-150,PTFE垫片,RF80-150,RF80-150
299,PTFE垫片::RF20-150,PTFE垫片,RF20-150,RF20-150
300,PTFE垫片::RF500-1.0,PTFE垫片,RF500-1.0,RF500-1.0
301,XB350垫片::RF80-150,石棉垫片,RF80-150,RF80-150
302,缠绕垫::G82-700-6.4-4,缠绕垫片,G82-700-6.4-4,G82-700-6.4-4
303,缠绕垫::G82-700-6.4,缠绕垫片,G82-700-6.4,G82-700-6.4
304,XB350垫片::818*732*4.5,石棉垫片,818*732*4.5,818*732*4.5
305,PTFE垫片::81*40*1.5,PTFE垫片,81*40*1.5,81*40*1.5
306,PTFE垫片::127*82*1.5,PTFE垫片,127*82*1.5,127*82*1.5
307,PTFE垫片::67*25*1.5,PTFE垫片,67*25*1.5,67*25*1.5
308,缠绕垫_2222::D450-1.6,缠绕垫片,D450-1.6,D450-1.6
309,PTFE垫片::65*52.4*2,PTFE垫片,65*52.4*2,65*52.4*2
310,PTFE垫片::49.2*36.5*2,PTFE垫片,49.2*36.5*2,49.2*36.5*2
311,PTFE垫片::84*71.4*2,PTFE垫片,84*71.4*2,84*71.4*2
312,缠绕垫_1221::1015*994*944*912,缠绕垫片,1015*994*944*912,1015*994*944*912
313,齿形垫_304+FG::B500-900,金属垫片,B500-900,B500-900
314,椭圆垫_S304::20-900,其他,20-900,20-900
315,PTFE垫片::RF40-25,PTFE垫片,RF40-25,RF40-25
316,缠绕垫_0232::B300-25_0232,缠绕垫片,B300-25_0232,B300-25_0232
317,PTFE垫片::RF15-25,PTFE垫片,RF15-25,RF15-25
318,缠绕垫::D250-300_9929,缠绕垫片,D250-300_9929,D250-300_9929
319,缠绕垫::C53-1400-2.5,缠绕垫片,C53-1400-2.5,C53-1400-2.5
320,PTFE垫片::800-2.5,PTFE垫片,800-2.5,800-2.5
321,PTFE垫片::1600-1.0,PTFE垫片,1600-1.0,1600-1.0
322,PTFE垫片::170*125*3,PTFE垫片,170*125*3,170*125*3
323,PTFE垫片::FF100-16,PTFE垫片,FF100-16,FF100-16
324,PTFE垫片::FF125-16,PTFE垫片,FF125-16,FF125-16
325,PTFE垫片::RF450-1.0,PTFE垫片,RF450-1.0,RF450-1.0
326,缠绕垫_0222::1018*968*932,缠绕垫片,1018*968*932,1018*968*932
327,缠绕垫::C13-1200-4.0,缠绕垫片,C13-1200-4.0,C13-1200-4.0
328,缠绕垫::B82-900-6.4,缠绕垫片,B82-900-6.4,B82-900-6.4
329,缠绕垫::D100-600_5525,缠绕垫片,D100-600_5525,D100-600_5525
330,缠绕垫::B42-1200-6.4,缠绕垫片,B42-1200-6.4,B42-1200-6.4
331,八角垫_S30408::32-2500,金属垫片,32-2500,32-2500
332,缠绕垫::D500-600_5525,缠绕垫片,D500-600_5525,D500-600_5525
333,缠绕垫::D50-600_5525,缠绕垫片,D50-600_5525,D50-600_5525
334,缠绕垫::D200-600_5525,缠绕垫片,D200-600_5525,D200-600_5525
335,PTFE垫片::RF350-10,PTFE垫片,RF350-10,RF350-10
336,PTFE垫片::RF250-0.6,PTFE垫片,RF250-0.6,RF250-0.6
337,PTFE垫片::1400-0.25,PTFE垫片,1400-0.25,1400-0.25
338,XB350垫片::30*22*2,石棉垫片,30*22*2,30*22*2
339,PTFE垫片::MFM100-25,PTFE垫片,MFM100-25,MFM100-25
340,PTFE垫片::MFM25-25,PTFE垫片,MFM25-25,MFM25-25
341,PTFE垫片::MFM500-2.5,PTFE垫片,MFM500-2.5,MFM500-2.5
342,缠绕垫::B25-160_0232,缠绕垫片,B25-160_0232,B25-160_0232
343,缠绕垫::B50-160_0232,缠绕垫片,B50-160_0232,B50-160_0232
344,缠绕垫::B350-2.5_0424,缠绕垫片,B350-2.5_0424,B350-2.5_0424
345,缠绕垫::D200-300_5525,缠绕垫片,D200-300_5525,D200-300_5525
346,缠绕垫::D150-300_5525,缠绕垫片,D150-300_5525,D150-300_5525
347,缠绕垫::B500-2.5_0323,缠绕垫片,B500-2.5_0323,B500-2.5_0323
348,缠绕垫::D250-300_3323,缠绕垫片,D250-300_3323,D250-300_3323
349,缠绕垫::D100-300_2323,缠绕垫片,D100-300_2323,D100-300_2323
350,PTFE垫片::162*102*3,PTFE垫片,162*102*3,162*102*3
351,PTFE垫片::1200-1.0,PTFE垫片,1200-1.0,1200-1.0
352,XB350垫片::32*20*2,石棉垫片,32*20*2,32*20*2
353,PTFE垫片::RF250-10,PTFE垫片,RF250-10,RF250-10
354,RSB_304::1500-1.6,其他,1500-1.6,1500-1.6
355,波齿垫片_10刚+石墨::G5-1600-2.5-2B,金属垫片,G5-1600-2.5-2B,G5-1600-2.5-2B
356,波齿垫片_10刚+石墨::C5-1600-2.5-2B,金属垫片,C5-1600-2.5-2B,C5-1600-2.5-2B
357,缠绕垫_0828::G82-700-6.4-4,缠绕垫片,G82-700-6.4-4,G82-700-6.4-4
358,缠绕垫_0828::B82-700-6.4,缠绕垫片,B82-700-6.4,B82-700-6.4
359,缠绕垫::D25-300_2525,缠绕垫片,D25-300_2525,D25-300_2525
360,PTFE垫片::600-0.6,PTFE垫片,600-0.6,600-0.6
361,缠绕垫::B65-25_0232,缠绕垫片,B65-25_0232,B65-25_0232
362,缠绕垫::B80-25_0232,缠绕垫片,B80-25_0232,B80-25_0232
363,缠绕垫::B50-25_0232,缠绕垫片,B50-25_0232,B50-25_0232
364,缠绕垫::B500-2.5_0232,缠绕垫片,B500-2.5_0232,B500-2.5_0232
365,缠绕垫::D25-300_3323,缠绕垫片,D25-300_3323,D25-300_3323
366,缠绕垫::D100-300_5525,缠绕垫片,D100-300_5525,D100-300_5525
367,缠绕垫::B500-2.5_0525,缠绕垫片,B500-2.5_0525,B500-2.5_0525
368,RSB_304::RF80-300,其他,RF80-300,RF80-300
369,RSB_304::RF200-300,其他,RF200-300,RF200-300
370,RSB_304::RF150-300,其他,RF150-300,RF150-300
371,RSB_304::MFM500-2.5,其他,MFM500-2.5,MFM500-2.5
372,缠绕垫::D80-300_2525,缠绕垫片,D80-300_2525,D80-300_2525
373,缠绕垫::B450-2.5_0525,缠绕垫片,B450-2.5_0525,B450-2.5_0525
374,PTFE垫片::RF50-10,PTFE垫片,RF50-10,RF50-10
375,PTFE垫片::600*518*3,PTFE垫片,600*518*3,600*518*3
376,缠绕垫::D80-300_5525,缠绕垫片,D80-300_5525,D80-300_5525
377,缠绕垫::D40-300_5525,缠绕垫片,D40-300_5525,D40-300_5525
378,缠绕垫::D50-300_5525,缠绕垫片,D50-300_5525,D50-300_5525
379,缠绕垫::D150-300_1525,缠绕垫片,D150-300_1525,D150-300_1525
380,RSB_304::1818*1718*1620*3_24-Ф23,其他,1818*1718*1620*3_24-Ф23,1818*1718*1620*3_24-Ф23
381,RSB_304::RF80-150,其他,RF80-150,RF80-150
382,RSB_304::350*320*280*3_12-Ф18,其他,350*320*280*3_12-Ф18,350*320*280*3_12-Ф18
383,RSB_304::RF250-150,其他,RF250-150,RF250-150
384,缠绕垫::D100-300_2525,缠绕垫片,D100-300_2525,D100-300_2525
385,缠绕垫::D50-300_2525,缠绕垫片,D50-300_2525,D50-300_2525
386,缠绕垫::B42-500-2.5,缠绕垫片,B42-500-2.5,B42-500-2.5
387,缠绕垫::D150-2.5_5525,缠绕垫片,D150-2.5_5525,D150-2.5_5525
388,PTFE垫片::RF500-10,PTFE垫片,RF500-10,RF500-10
389,PTFE垫片::800-0.6,PTFE垫片,800-0.6,800-0.6
390,缠绕垫::D25-150_5525,缠绕垫片,D25-150_5525,D25-150_5525
391,缠绕垫::B42-600-1.6,缠绕垫片,B42-600-1.6,B42-600-1.6
392,缠绕垫::D25-300_5525,缠绕垫片,D25-300_5525,D25-300_5525
393,氟橡胶垫片::157*104*2,橡胶垫片,157*104*2,157*104*2
394,氟橡胶垫片::81*48*2,橡胶垫片,81*48*2,81*48*2
395,氟橡胶垫片::573*500*3,橡胶垫片,573*500*3,573*500*3
396,氟橡胶垫片::120*68*2,橡胶垫片,120*68*2,120*68*2
397,氟橡胶垫片::56*24*2,橡胶垫片,56*24*2,56*24*2
398,氟橡胶垫片::105*76*2,橡胶垫片,105*76*2,105*76*2
399,改性RPTFE垫片::RF20-10,PTFE垫片,RF20-10,RF20-10
400,改性RPTFE垫片::RF25-10,PTFE垫片,RF25-10,RF25-10
401,改性RPTFE垫片::RF40-10,PTFE垫片,RF40-10,RF40-10
402,改性RPTFE垫片::RF50-10,PTFE垫片,RF50-10,RF50-10
403,硅橡胶条::40*30,橡胶垫片,40*30,40*30
404,RSB_304::RF20-25,其他,RF20-25,RF20-25
405,改性RPTFE垫片::800-0.6,PTFE垫片,800-0.6,800-0.6
406,缠绕垫::B100-25_0323,缠绕垫片,B100-25_0323,B100-25_0323
407,缠绕垫::B50-25_0323,缠绕垫片,B50-25_0323,B50-25_0323
408,缠绕垫::B25-25_0323,缠绕垫片,B25-25_0323,B25-25_0323
409,缠绕垫::B65-25_0323,缠绕垫片,B65-25_0323,B65-25_0323
410,缠绕垫::B40-25_0323,缠绕垫片,B40-25_0323,B40-25_0323
411,缠绕垫::B300-40_0232,缠绕垫片,B300-40_0232,B300-40_0232
412,缠绕垫::G13-1200-4.0-4,缠绕垫片,G13-1200-4.0-4,G13-1200-4.0-4
413,缠绕垫::W13-1200-4.0,缠绕垫片,W13-1200-4.0,W13-1200-4.0
414,波齿垫_304+石墨::F1-1200-4.0-4B,金属垫片,F1-1200-4.0-4B,F1-1200-4.0-4B
415,缠绕垫::B22-1400-2.5,缠绕垫片,B22-1400-2.5,B22-1400-2.5
416,缠绕垫::B600-2.5_0525,缠绕垫片,B600-2.5_0525,B600-2.5_0525
417,缠绕垫::B250-2.5_0525,缠绕垫片,B250-2.5_0525,B250-2.5_0525
418,改性RPTFE垫片::700-0.6,PTFE垫片,700-0.6,700-0.6
419,齿形垫_S30408::32-42.0,金属垫片,32-42.0,32-42.0
420,缠绕垫::D250-300_5525,缠绕垫片,D250-300_5525,D250-300_5525
421,改性RPTFE垫片::1400-0.6,PTFE垫片,1400-0.6,1400-0.6
422,改性RPTFE垫片::RF25-16,PTFE垫片,RF25-16,RF25-16
423,RSB_304::RF25-150,其他,RF25-150,RF25-150
424,RSB_304::RF100-150,其他,RF100-150,RF100-150
425,RSB_304::1834*1734*1638*3_24-Ф23,其他,1834*1734*1638*3_24-Ф23,1834*1734*1638*3_24-Ф23
426,改性RPTFE垫片::554*510*3,PTFE垫片,554*510*3,554*510*3
427,PTFE垫片::22*12*1.5,PTFE垫片,22*12*1.5,22*12*1.5
428,改性RPTFE垫片::MFM50-40,PTFE垫片,MFM50-40,MFM50-40
429,缠绕垫::B23-800-1.0,缠绕垫片,B23-800-1.0,B23-800-1.0
430,缠绕垫::B23-500-2.5,缠绕垫片,B23-500-2.5,B23-500-2.5
431,PTFE垫片::700-0.6,PTFE垫片,700-0.6,700-0.6
432,PTFE垫片::RF200-16,PTFE垫片,RF200-16,RF200-16
433,PTFE垫片::RF400-1.0,PTFE垫片,RF400-1.0,RF400-1.0
434,PTFE垫片::RF150-16,PTFE垫片,RF150-16,RF150-16
435,改性RPTFE垫片::400-1.0,PTFE垫片,400-1.0,400-1.0
436,缠绕垫::D40-300_2525,缠绕垫片,D40-300_2525,D40-300_2525
437,改性RPTFE垫片::RF65-150,PTFE垫片,RF65-150,RF65-150
438,PTFE垫片::310*250*2,PTFE垫片,310*250*2,310*250*2
439,缠绕垫::B23-2400-1.0,缠绕垫片,B23-2400-1.0,B23-2400-1.0
440,缠绕垫::B23-1200-1.0,缠绕垫片,B23-1200-1.0,B23-1200-1.0
441,PTFE垫片::575*510*3,PTFE垫片,575*510*3,575*510*3
442,PTFE垫片::135*85*3,PTFE垫片,135*85*3,135*85*3
443,无冷流PTFE垫片::G6-800-1.0-4A,PTFE垫片,G6-800-1.0-4A,G6-800-1.0-4A
444,无冷流PTFE垫片::800-4.0,PTFE垫片,800-4.0,800-4.0
445,无冷流PTFE垫片::G6-800-4.0-4A,PTFE垫片,G6-800-4.0-4A,G6-800-4.0-4A
446,缠绕垫::B200-25_0232,缠绕垫片,B200-25_0232,B200-25_0232
447,PTFE垫片::RF500-16,PTFE垫片,RF500-16,RF500-16
448,PTFE垫片::2300-0.6,PTFE垫片,2300-0.6,2300-0.6
449,PTFE垫片::600-2.5,PTFE垫片,600-2.5,600-2.5
450,缠绕垫::D25-150_1222,缠绕垫片,D25-150_1222,D25-150_1222
451,PTFE垫片::RF65-150,PTFE垫片,RF65-150,RF65-150
452,缠绕垫::B25-300_0424,缠绕垫片,B25-300_0424,B25-300_0424
453,缠绕垫::B450-40_0939,缠绕垫片,B450-40_0939,B450-40_0939
454,无冷流G3500::FF65-16,PTFE垫片,FF65-16,FF65-16
455,缠绕垫::B93-1500-4.0,缠绕垫片,B93-1500-4.0,B93-1500-4.0
456,无冷流G3500::RF40-40,PTFE垫片,RF40-40,RF40-40
457,无冷流G3500::MFM40-40,PTFE垫片,MFM40-40,MFM40-40
458,缠绕垫::B20-40_0939,缠绕垫片,B20-40_0939,B20-40_0939
459,无冷流G3500::RF250-16,PTFE垫片,RF250-16,RF250-16
460,缠绕垫::B25-100_0939,缠绕垫片,B25-100_0939,B25-100_0939
461,缠绕垫::B50-40_0939,缠绕垫片,B50-40_0939,B50-40_0939
462,无冷流G3500::MFM50-40,PTFE垫片,MFM50-40,MFM50-40
463,无冷流G3500::FF125-16,PTFE垫片,FF125-16,FF125-16
464,无冷流G3500::FF15-16,PTFE垫片,FF15-16,FF15-16
465,缠绕垫::B20-100_0939,缠绕垫片,B20-100_0939,B20-100_0939
466,PTFE垫片::RF250-16,PTFE垫片,RF250-16,RF250-16
467,PTFE垫片::RF300-16,PTFE垫片,RF300-16,RF300-16
468,缠绕垫_0424::B42-500-2.5,缠绕垫片,B42-500-2.5,B42-500-2.5
469,PTFE垫片::G6-219-1.6-2A,PTFE垫片,G6-219-1.6-2A,G6-219-1.6-2A
470,缠绕垫_0232::G12-219-4.0-2A,缠绕垫片,G12-219-4.0-2A,G12-219-4.0-2A
471,缠绕垫::B200-40_0323,缠绕垫片,B200-40_0323,B200-40_0323
472,缠绕垫::B25-300_0323,缠绕垫片,B25-300_0323,B25-300_0323
473,PTFE垫片::18*8*2,PTFE垫片,18*8*2,18*8*2
474,丁腈橡胶O型圈::175/5,橡胶垫片,175/5,175/5
475,PTFE垫片::644*604*3,PTFE垫片,644*604*3,644*604*3
476,氯丁橡胶O型圈::175/5.3,橡胶垫片,175/5.3,175/5.3
477,XB350垫片::33*22*2,石棉垫片,33*22*2,33*22*2
478,橡胶垫片::3150*3100*3020*3_48-Ф20,橡胶垫片,3150*3100*3020*3_48-Ф20,3150*3100*3020*3_48-Ф20
479,PTFE垫片::RF80-10,PTFE垫片,RF80-10,RF80-10
480,PTFE垫片::RF100-10,PTFE垫片,RF100-10,RF100-10
481,PTFE垫片::RF200-10,PTFE垫片,RF200-10,RF200-10
482,天然橡胶垫片::3650*3600*3520*3_56-Ф18,橡胶垫片,3650*3600*3520*3_56-Ф18,3650*3600*3520*3_56-Ф18
483,PTFE垫片::RF40-10,PTFE垫片,RF40-10,RF40-10
484,改性RPTFE垫片::600-0.6,PTFE垫片,600-0.6,600-0.6
485,PTFE垫片::2800-0.25,PTFE垫片,2800-0.25,2800-0.25
486,缠绕垫::B42-1300-1.6,缠绕垫片,B42-1300-1.6,B42-1300-1.6
487,缠绕垫::B80-25_0525,缠绕垫片,B80-25_0525,B80-25_0525
488,RSB_304::1655*1600*1460*3_36-Ф30,其他,1655*1600*1460*3_36-Ф30,1655*1600*1460*3_36-Ф30
489,RSB_304::1435*13751220*3_32-Ф30,其他,1435*13751220*3_32-Ф30,1435*13751220*3_32-Ф30
